{
  "feature_names": [
    "fix_count",
    "fix_dur_mean",
    "fix_dur_std",
    "fix_dur_median",
    "fix_dur_max",
    "fix_dur_skew",
    "fix_dur_kurt",
    "fix_disp_mean",
    "sacc_count",
    "sacc_amp_mean",
    "sacc_amp_std",
    "sacc_amp_max",
    "sacc_amp_skew",
    "regression_count",
    "regression_rate",
    "progressive_amp_mean",
    "regressive_amp_mean",
    "stft_dom_freq_mean",
    "stft_dom_freq_std",
    "stft_entropy_mean",
    "stft_entropy_std",
    "stft_low_power_mean",
    "stft_low_power_std",
    "stft_entropy_range",
    "binocular_disparity_x",
    "binocular_disparity_y",
    "binocular_correlation",
    "x_reversal_rate",
    "reading_drift",
    "fatigue_slope",
    "reading_rhythm_power",
    "mid_freq_ratio",
    "high_freq_ratio"
  ],
  "selected_features": [
    "fix_count",
    "fix_dur_mean",
    "fix_dur_std",
    "fix_dur_median",
    "fix_dur_max",
    "fix_dur_skew",
    "fix_dur_kurt",
    "fix_disp_mean",
    "sacc_count",
    "sacc_amp_mean",
    "sacc_amp_std",
    "sacc_amp_max",
    "sacc_amp_skew",
    "regression_count",
    "regression_rate",
    "progressive_amp_mean",
    "regressive_amp_mean",
    "stft_dom_freq_mean",
    "stft_dom_freq_std",
    "stft_entropy_mean",
    "stft_entropy_std",
    "stft_low_power_mean",
    "stft_low_power_std",
    "stft_entropy_range",
    "binocular_disparity_x",
    "binocular_correlation",
    "x_reversal_rate",
    "reading_drift",
    "fatigue_slope",
    "reading_rhythm_power",
    "mid_freq_ratio",
    "high_freq_ratio"
  ],
  "n_features": 33,
  "n_selected": 32,
  "col_means": [
    25.34054054054054,
    0.1689573631978583,
    0.0931144332720745,
    0.14254054054054055,
    0.45891891891891895,
    1.438924574470066,
    2.172193099365044,
    0.6685335024407938,
    24.34054054054054,
    18.383068841309555,
    13.842393141723157,
    51.78713016387109,
    0.9387816169567227,
    9.95135135135135,
    0.410247237289709,
    16.56286688975614,
    21.501743134555113,
    0.21210805899465815,
    0.3826212094041456,
    0.25318838353952183,
    0.10816054489390166,
    0.9441112523349189,
    0.08569364517912627,
    0.41302092757558695,
    2.632791933828751,
    0.7858683769716556,
    0.9873105454705532,
    0.2741357937997477,
    5.019003848021866,
    6.777056374866317,
    0.22012149586385074,
    0.02668492389814442,
    0.014528916215673334
  ],
  "feature_importance": {
    "fix_count": 0.01012028786026632,
    "fix_dur_mean": 0.017027239472714808,
    "fix_dur_std": 0.011717481007807664,
    "fix_dur_median": 0.011298247884818476,
    "fix_dur_max": 0.010427342468703634,
    "fix_dur_skew": 0.007965434206419014,
    "fix_dur_kurt": 0.007073980347300085,
    "fix_disp_mean": 0.013097677999694463,
    "sacc_count": 0.007654128717174865,
    "sacc_amp_mean": 0.005106483714836928,
    "sacc_amp_std": 0.008740706138205637,
    "sacc_amp_max": 0.005630946302781551,
    "sacc_amp_skew": 0.012643541377087144,
    "regression_count": 0.0036070391434637953,
    "regression_rate": 0.010679233739675508,
    "progressive_amp_mean": 0.028622352402648692,
    "regressive_amp_mean": 0.009484660949622668,
    "stft_dom_freq_mean": 0.11552180160343745,
    "stft_dom_freq_std": 0.08145752771910211,
    "stft_entropy_mean": 0.12872480179879048,
    "stft_entropy_std": 0.03346157889344164,
    "stft_low_power_mean": 0.11637697578541241,
    "stft_low_power_std": 0.022874907252209666,
    "stft_entropy_range": 0.016047150072517977,
    "binocular_disparity_x": 0.074542918537638,
    "binocular_correlation": 0.08034375830563799,
    "x_reversal_rate": 0.008722921132976678,
    "reading_drift": 0.009001188682089779,
    "fatigue_slope": 0.015701673006391473,
    "reading_rhythm_power": 0.0755640464325591,
    "mid_freq_ratio": 0.02071610446907862,
    "high_freq_ratio": 0.020045862575495517
  },
  "top_features": [
    "stft_entropy_mean",
    "stft_low_power_mean",
    "stft_dom_freq_mean",
    "stft_dom_freq_std",
    "binocular_correlation",
    "reading_rhythm_power",
    "binocular_disparity_x",
    "stft_entropy_std",
    "progressive_amp_mean",
    "stft_low_power_std"
  ],
  "model_performance": {
    "test_auc": 0.9298245614035088,
    "test_accuracy": 0.8378378378378378,
    "cv_folds": 5,
    "n_train": 148,
    "n_test": 37,
    "n_subjects": 185,
    "n_dyslexic": 97,
    "n_control": 88
  },
  "preprocessing": {
    "sampling_rate_hz": 50,
    "velocity_threshold": 30.0,
    "min_fixation_dur_sec": 0.08,
    "invalid_threshold": 40.0,
    "n_stft_bins": 10
  }
}