{
  "feature_names": [
    "fix_count",
    "fix_dur_mean",
    "fix_dur_std",
    "fix_dur_median",
    "fix_dur_max",
    "fix_dur_skew",
    "fix_dur_kurt",
    "fix_disp_mean",
    "sacc_count",
    "sacc_amp_mean",
    "sacc_amp_std",
    "sacc_amp_max",
    "sacc_amp_skew",
    "regression_count",
    "regression_rate",
    "progressive_amp_mean",
    "regressive_amp_mean",
    "stft_dom_freq_mean",
    "stft_dom_freq_std",
    "stft_entropy_mean",
    "stft_entropy_std",
    "stft_low_power_mean",
    "stft_low_power_std",
    "stft_entropy_range",
    "binocular_disparity_x",
    "binocular_disparity_y",
    "binocular_correlation",
    "x_reversal_rate",
    "reading_drift",
    "fatigue_slope",
    "reading_rhythm_power",
    "mid_freq_ratio",
    "high_freq_ratio"
  ],
  "selected_features": [
    "fix_dur_mean",
    "fix_dur_skew",
    "fix_disp_mean",
    "sacc_amp_mean",
    "sacc_amp_std",
    "sacc_amp_skew",
    "progressive_amp_mean",
    "stft_dom_freq_mean",
    "stft_dom_freq_std",
    "stft_entropy_mean",
    "stft_low_power_mean",
    "binocular_disparity_x",
    "binocular_correlation",
    "reading_drift",
    "fatigue_slope",
    "reading_rhythm_power",
    "mid_freq_ratio",
    "high_freq_ratio"
  ],
  "n_features": 33,
  "n_selected": 18,
  "col_means": [
    25.34054054054054,
    0.1689573631978583,
    0.0931144332720745,
    0.14254054054054055,
    0.45891891891891895,
    1.438924574470066,
    2.172193099365044,
    0.6685335024407938,
    24.34054054054054,
    18.383068841309555,
    13.842393141723157,
    51.78713016387109,
    0.9387816169567227,
    9.95135135135135,
    0.410247237289709,
    16.56286688975614,
    21.501743134555113,
    0.189001287001287,
    0.18703931382282313,
    1.2518049659311556,
    0.5216329770257618,
    0.9520349920760879,
    0.0371779761204675,
    1.7021485323600158,
    2.632791933828751,
    0.7858683769716556,
    0.9873105454705532,
    0.2741357937997477,
    5.019003848021866,
    6.777056374866317,
    0.22012149586385074,
    0.02668492389814442,
    0.014528916215673334
  ],
  "feature_importance": {
    "fix_dur_mean": 0.02692411162001765,
    "fix_dur_skew": 0.013509384639942073,
    "fix_disp_mean": 0.023844370900899546,
    "sacc_amp_mean": 0.02919621412350479,
    "sacc_amp_std": 0.010705471816604448,
    "sacc_amp_skew": 0.01899293696221339,
    "progressive_amp_mean": 0.07877167732184752,
    "stft_dom_freq_mean": 0.03062306113564264,
    "stft_dom_freq_std": 0.0789967622565376,
    "stft_entropy_mean": 0.02435512428892013,
    "stft_low_power_mean": 0.04525354401713003,
    "binocular_disparity_x": 0.16040094872461289,
    "binocular_correlation": 0.1508005168547453,
    "reading_drift": 0.017347445222374497,
    "fatigue_slope": 0.02310578808702906,
    "reading_rhythm_power": 0.13298609901181613,
    "mid_freq_ratio": 0.03899664535154091,
    "high_freq_ratio": 0.09518989766462135
  },
  "top_features": [
    "binocular_disparity_x",
    "binocular_correlation",
    "reading_rhythm_power",
    "high_freq_ratio",
    "stft_dom_freq_std",
    "progressive_amp_mean",
    "stft_low_power_mean",
    "mid_freq_ratio",
    "stft_dom_freq_mean",
    "sacc_amp_mean"
  ],
  "model_performance": {
    "test_auc": 0.9795321637426901,
    "test_accuracy": 0.9459459459459459,
    "cv_folds": 5,
    "n_train": 148,
    "n_test": 37,
    "n_subjects": 185,
    "n_dyslexic": 97,
    "n_control": 88
  },
  "preprocessing": {
    "sampling_rate_hz": 50,
    "velocity_threshold": 30.0,
    "min_fixation_dur_sec": 0.08,
    "invalid_threshold": 40.0,
    "n_stft_bins": 10
  }
}